rainfall,temperature,humidity,river_level,elevation,soil_moisture,previous_flood,risk
163.46,18.55,52.33,2.17,447.15,69.55,0,45.45
17.63,20.06,49.66,5.02,345.52,73.01,1,45.44
151.42,35.81,35.41,6.54,424.92,39.94,0,47.15
193.24,20.25,58.94,3.19,219.49,33.28,0,52.78
138.69,39.41,58.85,4.64,501.05,64.43,0,49.34
179.1,19.01,49.36,2.67,66.28,30.49,0,46.36
118.82,36.35,45.25,3.16,408.7,71.76,0,43.89
51.07,34.04,45.29,3.35,593.92,66.32,0,33.88
212.28,35.07,49.43,0.74,202.96,33.56,0,48.63
146.12,33.79,48.4,4.24,533.12,66.57,0,43.72
69.19,30.35,51.55,4.88,540.74,45.15,0,42.93
43.2,28.86,82.61,6.96,108.65,24.08,1,59.45
102.34,31.11,64.49,2.39,340.87,92.93,0,47.1
138.87,23.87,75.38,1.34,272.16,49.93,0,47.39
192.87,29.17,41.7,5.19,508.17,54.67,0,48.39
193.0,29.87,84.05,4.48,20.33,38.53,0,56.48
97.12,39.68,85.83,2.3,159.71,59.93,0,39.71
126.64,19.52,82.92,6.24,94.47,51.82,0,57.03
219.38,27.31,48.34,4.54,443.36,27.7,0,50.13
171.2,26.22,91.68,3.89,163.79,15.63,0,53.0
65.23,22.84,39.47,5.23,152.79,89.68,0,44.15
67.12,32.72,48.5,1.49,562.6,60.25,1,34.58
123.51,26.96,40.94,5.44,225.49,46.18,0,51.0
246.2,20.17,60.37,3.04,519.77,31.88,0,50.89
43.64,22.04,64.15,7.06,63.72,81.11,0,50.35
249.83,36.39,96.05,7.45,512.24,24.64,1,77.71
217.52,37.85,45.37,0.52,246.44,91.53,1,58.47
177.18,34.07,84.35,5.46,302.27,26.71,0,61.64
149.0,29.93,82.12,0.93,358.82,54.25,0,36.29
131.88,36.73,39.32,1.01,519.86,45.53,0,31.76
19.54,19.8,76.41,4.74,203.49,32.95,0,34.58
104.99,32.78,53.9,2.87,456.08,16.38,1,43.51
145.12,20.2,68.87,4.29,96.82,40.71,0,56.98
98.69,21.47,87.53,5.78,374.77,96.88,0,59.91
143.1,38.5,41.53,7.09,173.39,88.29,0,60.78
155.16,33.79,47.83,5.26,173.11,52.99,0,49.72
111.66,24.09,35.22,6.28,389.53,33.05,1,55.45
112.64,18.21,39.74,7.12,544.28,58.01,0,50.27
45.54,20.8,54.42,7.24,481.75,85.74,0,45.62
69.89,20.26,84.15,7.13,255.7,64.62,0,60.75
66.82,21.58,85.39,1.83,259.13,25.78,0,36.38
108.81,32.74,81.31,2.36,112.33,71.71,1,62.67
216.06,22.89,86.44,3.95,197.01,79.99,0,62.31
168.41,26.77,52.55,1.02,468.53,40.9,1,48.84
212.48,25.29,36.74,7.08,171.5,61.09,0,61.09
153.18,25.61,84.54,3.77,590.86,20.18,0,39.33
180.11,18.04,93.31,4.54,437.27,75.29,0,57.93
26.79,32.61,55.8,2.85,511.85,73.34,0,31.17
170.05,25.18,78.92,4.66,131.27,68.51,1,73.29
226.67,31.54,53.96,4.61,20.24,35.25,1,74.65
155.6,25.09,62.83,5.57,316.48,79.85,0,60.97
78.11,32.6,74.01,1.2,572.16,30.67,0,23.14
57.79,18.54,50.43,4.06,512.85,16.41,1,43.77
148.16,33.8,59.19,3.5,105.59,70.51,0,56.78
62.52,35.69,78.84,3.98,343.3,90.74,0,46.28
202.34,32.69,97.24,4.97,571.02,88.45,1,77.57
141.49,37.74,81.85,4.06,170.33,31.76,0,53.47
135.11,31.79,52.3,1.08,185.72,33.91,0,41.49
29.34,21.32,59.13,1.65,144.09,46.51,0,30.61
109.79,22.55,61.47,7.29,358.77,71.21,1,66.87
236.26,24.57,59.57,7.19,504.72,57.36,0,66.12
75.5,28.68,59.5,5.52,482.92,73.73,1,60.88
245.37,29.75,92.14,4.94,404.54,17.39,1,65.47
120.81,19.11,58.88,2.09,209.57,76.99,1,52.51
238.29,27.27,87.6,4.03,454.43,14.58,0,51.09
26.47,39.06,37.54,0.73,163.42,83.85,0,26.48
123.65,20.52,94.71,3.99,168.62,42.46,0,54.57
49.3,24.84,71.46,7.47,353.96,89.91,1,63.78
181.6,19.67,78.51,5.2,79.1,77.98,0,69.96
145.82,18.9,68.56,5.46,59.99,66.98,0,64.87
207.36,20.32,95.53,5.27,500.65,72.24,1,69.75
135.22,32.31,73.8,7.4,469.29,50.91,0,54.8
68.92,38.56,52.57,3.88,455.28,60.15,1,45.63
128.63,25.15,65.72,3.16,169.84,34.61,0,45.2
133.99,22.2,50.21,3.55,342.0,31.15,1,52.84
127.8,35.44,40.86,2.16,421.24,36.95,0,34.17
137.42,27.36,81.99,2.98,427.66,33.84,0,39.26
183.11,24.94,81.8,7.63,420.29,26.86,1,68.51
151.5,34.72,72.6,7.85,502.92,36.07,0,53.4
13.4,29.75,52.28,7.81,340.95,71.37,0,48.85
190.67,20.26,35.77,2.63,297.65,39.98,0,41.94
216.81,20.51,39.12,4.19,354.67,70.41,0,52.51
145.08,24.68,97.62,1.39,463.38,63.36,0,47.39
101.29,37.99,53.73,4.91,268.72,60.04,0,48.99
187.62,38.85,48.09,2.08,403.05,23.82,0,40.77
47.57,26.99,78.43,4.02,38.93,35.35,0,44.41
118.97,33.12,93.21,6.41,382.53,68.18,0,57.49
140.69,32.25,92.23,6.7,61.42,24.6,0,61.57
207.82,38.27,62.67,4.02,196.37,45.42,0,56.89
128.51,19.77,37.51,3.74,206.95,32.03,0,38.69
171.83,36.93,71.99,0.66,463.56,82.29,0,47.71
52.05,29.42,62.86,2.59,598.23,48.36,1,44.37
122.8,26.98,55.23,1.28,113.28,46.22,1,46.9
236.85,35.9,69.66,3.91,202.42,38.45,1,73.88
207.98,18.03,89.77,3.96,51.44,55.62,1,75.45
192.4,22.48,69.6,7.46,274.11,71.45,0,63.7
161.21,35.58,79.72,2.83,27.93,45.9,0,58.79
229.1,28.15,42.4,6.74,309.06,73.06,0,66.61
125.8,28.39,63.78,1.58,130.55,62.75,0,48.3
76.3,35.38,61.14,7.51,314.49,82.21,0,59.14
210.99,30.76,76.58,6.99,279.0,52.62,0,68.53
140.42,28.02,55.27,1.91,424.55,60.32,0,44.59
108.59,25.0,64.8,7.35,241.11,96.98,0,63.38
18.88,29.05,72.18,7.02,527.03,48.75,1,45.44
44.6,37.16,96.11,1.06,473.28,33.32,1,38.75
214.42,36.75,89.14,3.35,203.66,73.25,1,77.24
18.62,19.51,74.76,7.41,598.51,75.72,1,61.33
192.49,33.49,41.33,1.75,193.69,12.55,0,44.19
80.41,26.25,44.17,4.48,348.24,79.74,0,40.58
156.28,26.42,78.04,4.23,358.23,30.43,0,48.2
170.04,37.78,64.31,2.66,337.03,16.5,0,47.78
81.8,39.16,78.49,3.93,195.23,97.94,1,57.57
101.53,25.9,53.64,5.74,32.72,83.04,1,64.96
145.82,33.09,81.91,0.87,371.72,53.71,0,44.04
65.23,35.64,48.8,1.93,165.36,76.49,0,39.44
226.82,32.22,54.46,3.81,356.15,74.45,0,63.98
88.41,27.14,47.65,6.4,528.35,42.2,0,47.11
71.67,36.14,65.36,6.55,453.0,39.81,0,44.38
28.07,34.59,49.21,5.57,411.16,44.97,0,31.44
104.7,23.82,42.79,3.26,454.43,33.07,1,48.32
235.67,20.38,49.73,0.69,532.86,59.4,0,46.31
162.5,28.21,79.17,5.37,87.67,13.99,0,52.77
128.23,20.14,90.9,1.52,283.11,69.0,1,56.69
184.38,37.48,76.26,6.75,377.08,92.64,0,62.91
98.93,27.75,94.88,6.92,77.63,70.34,0,58.06
76.21,39.3,94.79,6.68,73.17,28.67,0,48.48
90.04,39.75,84.58,2.04,501.29,58.77,0,40.82
65.92,35.04,84.68,4.97,180.82,96.59,0,55.03
201.64,20.42,89.59,1.49,227.78,79.38,0,50.29
73.69,20.79,61.52,1.35,56.86,49.45,0,36.49
36.17,29.08,94.56,0.83,474.27,86.29,0,32.51
241.37,19.34,65.18,3.51,417.94,53.14,1,61.72
29.39,31.38,39.14,2.56,387.18,58.26,0,26.85
153.37,24.49,66.85,3.73,480.0,20.07,0,41.02
223.14,27.1,87.13,3.49,443.18,37.5,0,56.58
99.83,21.36,93.15,1.0,502.43,18.2,0,32.79
99.44,20.86,38.78,7.67,345.78,68.96,1,62.6
169.68,34.51,89.69,5.91,581.67,62.84,0,53.2
131.78,21.4,65.38,6.85,223.07,58.95,0,62.3
147.78,35.76,88.24,7.81,494.69,63.99,0,64.21
167.88,33.26,36.82,2.55,462.2,91.1,0,41.22
218.77,30.46,60.25,1.56,387.24,12.7,0,40.58
118.87,21.46,54.63,2.93,566.02,62.47,0,34.84
191.06,19.09,40.14,3.82,265.93,63.42,1,60.52
191.19,20.5,62.08,2.62,413.52,52.82,0,42.64
104.86,31.19,35.48,2.76,142.52,22.08,0,33.04
38.8,28.94,62.13,1.47,328.9,30.25,0,20.31
216.82,18.93,36.18,7.41,520.02,60.67,1,74.73
110.25,20.53,36.31,2.94,484.77,64.4,0,32.52
212.68,23.35,72.1,4.43,249.54,37.3,0,54.41
196.99,19.68,74.89,4.48,132.46,78.31,0,67.32
206.55,35.93,49.88,1.6,134.42,63.01,0,47.45
195.48,28.87,82.53,6.2,280.37,91.33,0,74.57
160.53,21.32,39.3,3.82,195.64,34.17,0,44.71
27.81,28.16,37.37,3.27,186.5,66.73,0,36.08
131.7,28.18,69.92,6.44,539.61,49.58,0,49.56
124.15,21.32,38.9,1.28,541.49,40.22,0,29.62
51.41,23.45,62.58,3.8,323.19,23.97,0,38.35
102.98,35.04,77.77,0.89,385.91,39.45,0,28.28
172.81,24.25,80.6,5.42,545.68,86.85,0,54.89
169.27,38.17,54.54,5.42,404.04,21.35,0,46.63
100.4,35.42,86.23,5.53,500.8,75.01,0,53.52
111.62,25.96,57.84,1.85,144.23,93.39,1,53.14
249.99,21.41,53.63,6.41,314.46,57.5,0,69.8
220.33,31.6,72.63,1.66,124.89,70.97,0,59.79
20.49,26.01,80.33,7.77,374.15,76.21,1,58.23
67.4,39.24,84.42,7.28,132.53,69.69,1,68.21
77.63,26.4,68.23,7.75,493.8,80.51,0,59.41
22.52,28.57,58.39,7.51,432.61,55.4,0,41.51
193.15,24.0,92.03,1.61,273.73,93.28,0,60.92
222.31,38.47,61.14,3.47,236.9,43.98,0,54.24
16.77,38.48,87.87,5.37,479.0,22.11,0,39.56
123.39,36.28,82.81,4.02,376.9,89.72,0,50.56
210.39,30.07,80.82,4.46,84.49,35.35,0,56.55
67.23,32.06,74.24,0.97,505.28,53.98,0,30.73
148.01,33.81,53.35,0.51,224.63,60.22,0,41.84
30.55,39.44,39.26,4.45,314.25,96.97,0,40.02
122.83,31.98,96.81,2.4,29.42,79.39,0,51.19
167.71,20.28,71.66,6.18,97.38,41.0,0,64.97
52.02,35.14,64.27,5.72,386.41,81.41,0,49.76
236.47,18.81,47.7,6.43,533.76,37.77,0,59.27
247.39,29.95,50.96,6.15,130.84,41.41,0,71.46
89.66,20.74,58.19,7.17,451.12,88.73,1,63.29
54.84,33.23,58.14,6.48,174.7,17.27,1,47.99
154.59,36.09,69.36,2.91,66.44,68.16,0,53.2
182.24,21.67,62.97,3.85,441.55,90.22,1,63.48
245.21,38.85,39.73,5.28,230.72,80.5,0,72.4
44.27,31.37,84.22,0.76,59.0,78.51,0,36.58
237.87,18.71,44.67,3.87,235.16,49.07,0,58.44
137.07,26.76,75.92,2.37,85.8,74.74,1,61.87
229.25,20.59,83.82,5.78,144.45,63.85,1,77.37
42.57,19.63,45.88,5.85,598.41,81.33,0,42.8
180.29,30.1,53.29,2.75,111.35,72.44,0,57.72
132.1,20.67,47.66,1.54,478.42,12.31,0,28.81
245.92,20.85,90.71,0.99,250.93,73.09,1,68.62
194.6,36.11,39.65,7.79,392.56,49.6,0,57.34
208.97,30.13,72.03,6.26,94.84,54.25,0,72.14
134.34,24.69,45.2,7.51,150.77,93.38,0,69.59
70.15,31.97,69.7,1.44,195.64,56.95,0,37.1
149.36,21.77,74.34,7.27,215.82,91.31,0,72.35
16.81,19.0,75.41,4.83,397.66,77.49,1,52.43
17.27,37.56,69.37,5.31,195.21,31.55,1,45.91
27.51,19.32,62.7,4.13,138.33,63.39,0,45.06
86.64,39.74,56.76,3.49,461.19,55.32,0,35.86
121.95,23.88,50.62,1.23,188.32,43.81,1,43.98
217.67,21.51,55.63,4.83,201.37,77.15,1,80.33
122.04,37.34,66.33,1.18,248.08,50.24,0,35.28
94.69,19.11,66.18,7.12,399.47,51.41,0,56.01
113.42,37.41,80.83,6.23,232.24,45.25,0,53.14
79.26,26.5,63.37,4.62,498.68,64.85,0,37.89
33.2,26.21,97.17,4.68,232.05,22.7,1,49.55
20.87,21.01,55.98,4.05,285.05,63.35,0,34.41
157.14,21.58,97.41,6.04,193.56,39.6,1,73.4
81.95,35.95,58.21,5.55,588.34,61.37,0,44.08
73.73,32.42,96.24,4.84,151.98,14.52,1,50.62
160.97,31.63,87.99,1.61,414.82,12.78,0,34.91
115.85,27.21,61.02,2.03,311.06,63.81,1,55.5
186.6,19.37,43.7,2.06,208.53,68.28,1,57.1
51.56,38.07,56.57,3.16,467.75,73.44,0,36.97
56.14,23.42,70.16,2.19,584.29,36.19,0,29.69
175.66,28.76,65.23,4.7,562.0,73.51,0,49.32
172.39,26.35,96.75,6.64,573.67,80.81,0,58.73
239.28,19.74,93.21,5.42,453.46,28.83,0,66.88
177.08,21.02,73.79,4.9,160.63,68.95,0,63.32
22.6,27.09,80.19,1.25,467.04,10.46,0,18.74
234.41,37.32,65.08,2.0,579.07,38.26,0,51.28
31.47,30.63,68.71,5.92,563.27,90.36,0,43.46
211.03,38.55,37.29,6.77,477.02,26.4,0,59.8
12.22,30.5,41.76,7.87,185.05,97.04,1,67.12
42.21,29.09,52.19,6.57,211.8,74.34,0,51.75
13.38,25.42,53.59,5.56,132.03,63.76,1,56.59
133.67,19.91,77.16,1.89,101.55,38.48,0,38.28
102.06,27.83,51.82,2.97,357.83,60.41,0,41.88
176.26,19.37,42.45,2.8,255.14,54.22,0,49.75
163.29,38.69,58.16,2.16,575.27,52.08,1,53.2
155.38,27.15,69.6,4.03,331.76,68.44,0,56.23
173.28,31.11,84.6,4.44,326.34,41.84,0,49.02
141.44,29.12,71.08,1.62,210.31,55.79,0,46.47
182.06,28.75,91.63,3.84,52.27,21.61,1,65.24
23.86,28.17,85.84,5.92,249.65,81.85,0,50.54
20.87,25.58,39.02,7.96,562.06,16.07,1,39.31
108.13,34.92,83.25,7.84,394.61,46.99,1,66.45
230.11,26.3,40.06,7.73,527.24,21.7,0,54.63
248.28,26.65,43.02,7.84,504.2,76.54,0,70.11
182.58,27.33,58.89,2.22,287.16,23.65,0,48.47
184.01,20.48,86.0,3.64,464.31,87.77,0,54.63
26.15,31.07,63.13,5.54,525.88,31.54,0,32.61
66.24,22.78,89.42,0.92,312.26,35.46,0,32.08
195.41,36.0,49.92,7.07,591.7,55.87,1,66.1
24.63,38.87,90.42,7.34,383.08,47.59,1,51.85
92.66,32.15,59.01,4.43,423.86,45.93,0,39.66
191.06,28.42,88.51,2.76,430.39,80.91,0,56.34
242.27,30.26,43.45,2.32,137.94,66.91,1,71.51
32.19,33.94,47.0,2.51,410.73,63.06,0,25.97
192.81,33.93,70.21,4.1,524.29,39.3,0,46.52
55.61,34.31,82.05,6.16,550.38,71.22,0,45.59
67.44,25.08,52.83,4.0,396.26,37.14,0,35.5
129.35,20.17,96.82,4.02,507.04,90.46,0,51.55
20.97,37.01,81.7,0.62,340.92,61.39,1,35.16
57.09,23.06,70.9,2.34,339.37,93.02,0,37.61
207.18,39.26,75.43,4.18,117.58,79.96,0,61.03
141.17,22.05,91.03,7.93,575.2,56.11,0,65.68
170.37,34.82,60.98,6.82,154.23,72.23,0,62.6
119.44,19.33,75.18,7.5,549.4,68.02,0,50.97
142.39,18.26,68.35,2.56,586.94,11.51,1,47.77
228.35,20.35,41.07,1.62,131.32,56.33,0,49.02
105.26,26.21,60.58,4.74,594.34,29.88,0,40.28
215.97,34.71,40.89,3.34,340.57,14.94,0,48.55
29.84,36.6,75.63,2.98,586.85,95.7,0,33.08
226.31,33.23,70.71,2.53,556.01,70.23,0,57.81
145.24,18.72,93.51,2.86,577.65,61.66,1,61.19
81.83,30.41,70.7,6.87,412.68,57.57,1,63.94
43.59,39.75,80.62,4.26,585.11,14.73,1,37.1
28.24,31.31,73.67,4.97,581.97,38.72,0,37.04
118.13,23.02,69.84,3.32,127.73,61.56,1,54.11
158.47,35.56,79.93,1.12,109.45,72.63,0,52.77
86.0,20.34,35.33,2.81,228.75,33.74,0,28.96
113.44,30.25,67.28,1.27,71.98,58.77,0,46.74
12.96,27.1,84.09,5.94,344.53,97.36,0,49.82
50.7,26.38,43.75,2.76,306.01,15.57,1,34.09
81.94,35.22,57.75,7.58,438.12,53.63,0,50.04
42.52,18.15,59.93,6.81,240.34,85.87,1,60.13
205.71,36.91,96.38,1.52,205.99,93.36,0,59.68
52.63,26.76,55.11,6.01,387.08,95.16,0,47.03
77.27,35.29,58.0,7.49,135.88,97.76,0,63.6
142.02,38.97,64.08,5.81,274.3,35.64,0,56.36
200.96,27.0,66.46,5.25,160.37,67.96,1,77.88
27.75,39.8,65.19,3.51,313.84,90.99,1,50.83
199.77,25.91,91.42,4.53,390.14,17.48,0,55.5
95.2,32.23,37.79,7.88,412.93,45.17,0,55.29
113.31,18.23,51.3,4.33,320.9,61.09,0,45.54
103.87,34.99,72.08,4.25,220.08,12.16,0,39.28
230.93,19.89,87.37,5.98,222.03,40.19,0,67.61
93.59,20.15,80.49,3.89,58.96,13.93,0,37.69
92.34,20.41,85.4,7.47,449.48,55.41,0,52.74
112.33,28.17,85.26,5.22,128.1,67.84,1,61.53
157.39,22.34,72.31,3.42,428.75,28.11,0,44.98
201.88,29.81,58.04,1.98,86.09,69.02,1,65.01
163.39,31.13,73.51,4.9,221.8,84.41,0,65.17
179.44,24.54,73.71,1.14,97.69,20.37,0,39.32
99.59,21.11,59.47,4.97,353.39,47.23,1,56.65
176.42,32.2,97.99,4.66,303.99,22.35,0,58.48
158.66,37.04,94.97,4.13,133.17,43.79,1,65.34
128.01,33.62,62.96,1.75,347.93,80.04,0,41.09
75.96,29.83,45.6,3.93,450.66,77.4,0,41.23
74.29,29.95,97.43,4.57,458.94,76.88,1,58.72
247.55,20.25,87.29,6.14,192.67,97.94,1,86.01
216.93,19.91,89.51,1.38,490.9,28.47,0,49.77
156.46,27.42,73.82,6.39,491.85,80.88,0,60.66
153.25,21.7,96.68,2.69,352.19,93.81,0,51.01
190.02,27.06,38.74,2.58,400.42,71.73,0,45.07
180.73,36.23,82.97,5.57,303.89,60.81,0,63.2
100.04,19.66,85.06,6.27,253.65,75.98,0,57.62
127.13,30.8,89.74,6.85,74.02,95.55,0,73.73
200.96,26.75,95.99,6.69,306.93,38.41,0,63.62
148.7,30.46,65.58,3.08,415.88,14.26,0,40.86
210.81,18.36,93.55,1.68,284.78,97.28,1,66.38
175.26,20.9,75.95,1.69,560.98,34.11,0,36.8
99.24,37.88,45.43,3.47,197.2,71.55,0,44.02
31.89,20.09,48.45,1.08,364.33,55.71,1,29.17
176.94,35.98,97.25,3.67,96.66,16.23,1,58.84
203.43,20.27,58.16,2.74,241.98,81.58,0,58.24
172.51,19.51,70.49,5.08,115.19,40.9,0,59.4
46.33,27.06,78.25,6.95,70.28,18.84,0,49.03
102.17,39.19,54.81,1.55,180.64,17.41,0,35.81
175.71,36.65,76.48,2.76,320.29,54.84,1,57.92
23.1,37.75,95.14,4.21,85.39,53.96,0,44.18
244.65,39.71,93.84,1.49,519.27,60.02,0,54.22
51.46,28.36,97.2,1.05,360.67,11.21,0,20.85
24.51,35.36,66.92,5.21,310.61,46.56,1,43.87
138.78,31.55,52.48,2.82,316.56,27.88,0,40.01
103.78,31.95,87.58,5.61,58.35,71.48,0,54.1
30.69,27.56,63.56,5.07,199.39,75.27,0,40.3
179.9,33.43,45.32,7.65,323.34,78.9,0,61.94
40.46,35.18,51.93,7.15,467.43,12.58,1,44.46
25.33,33.67,71.33,1.08,284.01,41.69,1,40.6
50.05,21.46,83.72,7.21,410.99,20.15,0,38.88
217.1,23.38,64.72,3.37,107.05,91.94,0,65.26
229.35,34.29,61.42,2.91,261.43,73.39,0,62.72
147.17,20.63,77.42,0.9,149.45,55.39,0,49.84
26.54,28.23,52.79,6.84,209.83,58.67,0,44.4
79.98,35.26,81.59,2.32,233.6,95.52,0,49.22
141.17,35.51,44.49,7.49,33.87,57.66,0,68.06
10.35,32.46,88.49,5.95,80.29,56.62,0,46.58
240.68,39.4,43.97,2.6,45.46,30.37,1,66.56
99.4,39.44,40.35,1.22,97.44,82.16,0,41.58
24.95,32.57,43.23,2.69,513.53,91.49,1,43.95
186.48,25.0,52.13,1.06,137.57,78.63,0,45.82
49.45,28.25,60.61,4.52,579.49,28.27,0,31.08
214.6,19.99,85.88,2.78,428.73,63.09,0,59.38
88.67,20.01,50.64,3.17,317.81,69.59,0,44.89
51.73,38.95,88.84,4.67,339.07,18.34,0,41.79
43.55,18.26,87.31,7.87,95.81,82.48,0,62.96
235.02,19.85,71.93,7.38,63.49,97.75,0,86.45
116.42,20.83,92.02,6.72,212.3,13.76,1,58.22
231.79,27.53,80.64,4.22,241.98,47.55,0,58.5
54.92,24.16,90.66,0.76,379.12,31.63,0,27.82
221.87,28.54,40.53,3.37,263.16,66.55,0,57.42
202.52,35.49,97.33,6.36,228.29,57.92,1,77.26
145.76,25.08,52.04,0.7,366.33,12.58,0,25.23
247.97,29.65,83.31,8.0,584.91,18.81,0,63.03
205.91,38.18,38.52,7.97,147.26,84.49,1,81.08
211.41,36.59,46.09,4.94,487.6,71.39,0,59.68
94.4,30.49,43.95,7.61,505.28,81.32,1,63.92
52.13,18.84,38.54,5.01,31.56,52.06,0,48.43
58.35,20.87,80.17,7.39,509.68,38.48,0,42.3
179.13,21.12,41.99,4.45,231.64,16.38,1,58.63
90.77,25.1,96.48,5.99,273.38,66.26,1,67.64
51.81,39.31,78.69,7.47,476.46,29.64,0,43.62
186.16,24.48,46.2,0.51,427.16,60.41,0,36.12
86.37,35.79,73.52,5.3,80.38,53.66,0,54.7
67.12,39.61,45.58,7.14,71.46,72.39,0,54.33
73.65,23.49,39.27,2.42,82.66,10.11,1,39.94
110.72,21.66,61.08,7.11,223.71,43.03,1,68.15
148.73,34.68,49.21,3.88,483.53,12.94,0,36.41
238.4,19.63,45.72,3.32,444.55,58.14,0,51.92
246.47,37.65,79.38,3.73,399.11,63.44,1,67.55
34.3,22.52,46.97,5.73,438.78,74.24,0,43.13
81.38,20.11,59.75,4.62,304.75,14.8,0,37.0
80.69,32.56,72.81,2.0,34.93,25.03,0,42.92
123.66,20.54,84.45,4.03,539.03,33.32,1,48.82
222.52,26.13,63.08,2.47,289.73,29.91,0,50.65
46.27,33.32,41.09,5.51,488.74,46.43,0,36.8
211.79,36.0,61.37,4.52,522.8,51.78,0,53.97
28.95,37.86,80.0,4.27,542.26,80.44,0,34.64
191.73,21.8,97.02,7.79,488.91,21.1,1,67.42
173.95,22.44,86.82,1.61,365.13,38.14,0,39.61
143.53,30.15,88.97,4.4,551.95,11.09,1,48.31
45.91,30.47,71.71,7.74,78.12,19.3,0,52.94
218.19,37.36,90.31,2.48,399.78,60.34,1,59.87
76.1,21.16,73.35,5.7,42.49,88.28,0,59.97
21.83,28.45,51.92,3.29,215.96,79.84,0,34.71
127.99,33.32,41.19,7.02,97.94,95.73,1,77.22
87.01,34.03,73.11,1.17,276.2,90.38,1,54.02
192.28,37.08,86.72,4.36,112.2,37.38,1,64.95
214.31,37.35,36.82,1.95,503.1,83.65,0,43.06
22.13,25.93,47.54,3.26,289.25,44.93,0,32.47
68.07,28.75,63.1,7.7,295.26,58.52,0,49.09
224.68,34.48,78.4,2.64,244.21,24.34,0,56.68
165.37,32.91,51.95,3.57,31.63,78.67,0,56.88
41.76,21.81,85.45,2.18,372.84,92.98,0,38.56
100.35,25.67,50.88,4.0,412.77,82.54,1,56.36
11.76,39.99,95.89,6.8,345.65,62.25,0,45.22
35.95,19.4,97.27,5.3,519.67,32.98,0,34.82
134.15,23.29,38.58,6.93,489.82,45.56,0,52.15
183.11,32.42,97.84,2.45,262.77,44.17,0,53.13
248.74,35.95,56.62,5.85,418.06,66.17,1,80.77
171.25,29.16,88.26,6.8,528.37,25.94,0,55.77
187.82,33.95,70.22,7.34,569.22,89.16,0,62.97
63.6,37.17,61.49,7.15,235.58,61.53,1,66.37
122.93,37.06,71.77,7.58,61.31,88.27,0,72.7
101.6,24.56,38.41,6.91,99.67,27.63,1,65.9
224.28,39.71,44.02,6.97,124.61,17.11,0,64.24
52.44,31.96,35.3,2.55,461.49,24.84,0,23.99
193.26,19.94,73.71,5.25,253.97,94.95,1,70.97
138.11,34.07,94.85,7.19,458.97,56.73,0,62.3
160.4,23.47,78.69,3.08,94.78,43.75,0,48.03
207.72,24.56,53.32,5.96,365.89,39.73,0,56.26
226.33,25.9,46.87,7.61,552.56,45.5,0,59.06
246.37,22.65,36.38,4.28,91.43,72.58,0,63.21
163.68,34.97,74.26,4.95,47.82,19.51,0,49.43
37.79,27.77,42.79,2.4,427.08,28.08,0,21.56
168.8,32.57,52.01,5.04,99.55,83.1,0,61.85
158.25,24.22,84.44,4.23,373.22,78.46,0,54.93
108.34,21.53,69.53,7.33,419.16,52.3,0,48.27
171.19,37.95,87.62,5.52,106.5,17.93,0,60.53
34.31,23.63,49.56,7.91,191.69,50.86,0,52.72
219.79,36.75,57.69,5.58,267.08,20.2,0,51.66
43.21,32.24,55.71,7.21,573.95,33.61,0,38.0
92.25,20.5,60.22,3.92,504.71,70.71,1,55.61
165.72,35.53,42.12,5.72,54.01,92.94,0,59.78
228.69,28.62,70.84,3.79,374.57,78.57,0,65.84
221.19,34.0,91.18,4.12,303.11,88.11,1,71.32
72.79,24.91,79.39,5.58,465.17,60.75,0,52.22
170.76,25.44,67.96,5.75,75.24,68.23,0,64.03
169.29,32.11,44.37,6.7,537.4,63.94,0,57.57
47.66,36.67,88.67,7.02,63.42,53.27,0,52.82
76.76,29.15,69.68,3.34,493.92,16.94,1,45.32
117.54,36.84,63.17,1.39,308.48,67.5,0,38.91
18.6,30.08,87.03,6.44,578.64,66.1,0,44.77
119.49,25.5,86.99,6.62,509.7,39.21,1,64.51
97.19,27.96,41.14,5.44,21.27,41.25,0,49.23
99.73,20.34,91.5,4.19,496.67,75.34,1,53.56
156.6,22.13,93.6,3.45,285.09,78.76,0,51.9
109.47,38.39,87.76,4.92,467.84,49.64,0,53.37
11.04,34.2,69.85,3.75,359.37,91.34,0,41.34
51.68,35.94,41.52,5.43,371.57,38.32,1,46.32
156.16,33.24,50.64,3.48,218.86,35.89,0,41.85
154.61,37.5,67.27,6.82,337.73,37.62,0,53.14
159.8,24.39,56.75,5.54,589.17,67.21,0,52.34
176.63,25.09,42.27,3.14,298.61,60.22,1,60.82
224.53,29.75,90.28,3.67,27.41,19.37,1,65.64
170.86,22.4,82.26,1.71,186.24,32.05,0,48.33
80.83,34.58,37.04,6.61,79.44,86.39,0,58.68
144.7,23.23,84.41,6.49,186.83,68.48,1,72.43
239.61,39.47,54.7,4.64,27.52,32.12,1,76.22
228.76,33.5,75.8,6.16,337.04,63.1,0,65.35
52.58,33.02,46.78,1.8,318.03,43.19,1,35.67
73.42,21.54,88.3,0.54,290.47,92.5,0,35.39
87.43,19.12,93.74,5.12,403.9,53.17,0,43.15
179.84,29.56,95.29,4.4,476.03,24.02,1,56.11
63.09,22.69,55.91,3.21,146.7,76.23,1,58.74
207.69,39.58,35.55,5.52,278.49,89.6,0,69.07
173.81,25.06,92.7,7.59,243.81,57.54,0,63.17
134.05,34.95,67.4,4.32,302.35,36.09,0,44.81
29.76,20.11,96.21,6.3,329.26,65.17,0,50.9
195.66,37.03,61.73,1.28,331.9,71.84,1,60.32
235.54,34.43,44.69,3.94,212.39,17.7,0,49.32
70.46,19.55,86.76,7.33,256.43,49.7,1,63.59
14.05,32.81,68.69,5.31,378.64,76.52,0,43.99
27.42,38.42,41.69,6.4,194.78,17.61,1,46.05
207.31,18.68,44.85,2.15,453.12,80.12,0,55.3
44.58,32.9,92.59,6.46,443.01,42.84,0,45.98
143.22,20.71,35.32,4.97,331.55,93.33,0,50.82
187.94,33.97,48.34,7.29,513.85,22.54,0,51.1
210.34,22.28,46.43,6.5,514.31,84.92,1,75.34
27.55,32.78,50.79,1.98,356.75,93.74,0,29.02
167.31,20.2,74.03,7.25,204.32,49.66,0,66.65
46.57,30.47,85.89,7.69,117.81,37.56,0,55.77
163.8,24.09,57.65,5.6,212.31,52.24,1,65.36
83.31,30.14,46.07,5.05,508.24,85.57,0,49.7
57.14,34.14,74.48,5.96,537.42,84.76,0,51.46
148.94,34.92,48.4,0.77,171.16,88.67,1,57.21
45.67,26.63,91.16,4.92,517.16,21.78,0,34.85
130.52,32.58,88.42,6.55,376.14,24.59,0,52.47
52.99,38.87,76.54,7.76,446.83,52.55,0,44.28
192.75,23.1,51.65,2.26,407.78,55.57,0,45.03
230.3,37.39,37.51,5.36,79.87,95.22,0,74.03
73.2,29.98,45.95,5.4,231.87,67.49,0,47.05
100.32,37.96,67.53,3.15,523.28,52.84,1,53.02
11.58,37.4,62.71,2.22,318.43,34.71,0,21.92
96.93,33.78,42.45,2.23,490.48,73.38,1,47.85
124.97,31.0,75.78,3.58,161.33,21.25,0,40.4
133.03,37.6,44.25,1.75,555.02,55.46,1,45.93
145.27,18.41,80.33,5.46,184.4,17.55,1,63.82
123.14,28.6,48.82,3.58,102.77,61.27,0,49.8
132.59,21.69,78.19,7.42,365.99,16.06,1,62.35
36.06,22.45,89.15,4.28,263.48,23.16,0,33.33
226.39,31.2,90.3,4.49,456.38,18.2,0,60.16
139.43,18.03,94.08,5.59,270.27,47.02,0,59.29
112.95,38.65,65.37,6.27,223.3,80.81,0,57.58
71.08,34.85,92.34,1.13,367.01,57.85,0,31.4
180.2,35.37,71.41,1.38,24.17,67.6,0,51.72
35.58,27.37,71.88,2.46,330.94,59.69,0,39.64
105.39,22.48,69.78,4.68,123.66,59.2,1,58.67
83.6,25.58,79.45,6.02,515.9,68.02,0,48.67
177.83,21.56,48.51,3.5,216.29,58.45,0,47.78
241.5,18.12,40.74,1.59,557.0,48.31,0,42.03
99.0,31.4,80.64,7.48,252.37,67.74,0,62.64
153.39,38.81,86.67,5.3,274.6,27.75,0,50.07
198.15,29.23,79.0,5.11,410.93,41.66,0,62.76
30.84,24.07,60.16,5.52,255.16,27.63,0,40.67
26.47,19.98,52.92,6.72,550.71,40.63,0,33.96
241.13,28.0,60.45,0.53,121.52,54.55,0,52.13
91.59,20.57,67.34,2.43,331.98,79.82,0,44.71
241.85,30.39,83.51,6.18,577.52,50.38,1,79.11
216.89,28.6,51.24,3.37,477.42,29.39,0,51.03
108.98,25.77,68.75,5.76,172.74,35.28,1,62.94
207.06,19.67,93.68,4.07,225.05,88.7,0,62.91
189.08,38.47,46.98,6.03,156.22,31.3,0,54.23
58.66,23.49,73.97,1.67,81.88,90.98,1,54.31
193.42,29.91,37.66,4.12,379.99,53.33,0,50.6
246.25,38.15,52.66,2.17,354.47,14.77,1,56.71
139.78,29.05,59.8,5.65,121.38,95.93,1,70.64
12.02,32.83,58.9,1.26,229.73,85.84,0,31.97
66.91,28.37,73.62,3.24,309.29,28.53,0,33.97
106.14,27.92,71.0,7.84,417.89,81.65,0,63.85
143.28,36.84,47.35,6.5,448.35,51.62,0,48.43
129.9,39.9,88.51,4.38,437.92,79.11,0,50.43
216.04,19.05,41.24,1.73,144.97,32.38,0,46.37
90.32,25.94,70.3,7.49,169.47,11.75,0,49.1
173.1,31.32,71.34,5.37,332.29,96.18,0,61.89
171.57,28.72,81.4,7.17,241.02,35.21,0,67.08
163.74,38.43,61.57,5.09,254.77,89.82,0,56.81
64.77,24.97,53.36,2.51,393.89,33.87,1,43.38
235.3,34.45,67.82,3.88,117.04,85.17,0,70.17
168.89,38.69,79.14,1.1,116.81,19.06,0,48.01
123.56,19.18,83.57,4.43,597.69,19.15,0,35.63
233.58,26.58,49.45,6.03,277.03,21.12,0,53.84
169.25,36.93,55.49,4.07,585.49,57.57,0,47.8
42.43,38.87,68.98,4.93,284.8,75.9,1,55.36
163.49,24.81,56.87,4.55,486.73,48.88,0,47.51
47.37,18.23,67.97,6.19,99.05,35.24,0,48.68
128.06,34.62,53.88,6.24,482.82,62.54,0,52.23
55.26,37.41,62.54,2.37,434.66,66.85,1,40.54
29.01,31.76,67.55,6.5,375.67,71.07,0,43.48
188.3,35.79,61.01,6.9,125.8,35.48,1,74.62
75.31,31.7,46.83,0.65,48.79,57.08,0,39.49
77.71,20.75,62.62,0.56,72.31,11.3,0,26.56
84.78,35.59,97.87,3.98,479.03,39.06,0,36.22
196.16,19.57,64.62,1.94,508.09,81.92,0,45.07
194.35,23.48,83.59,3.82,447.82,12.95,1,61.05
32.55,32.65,48.13,3.42,577.5,92.39,0,35.89
20.12,38.62,67.82,2.4,390.34,27.49,0,29.87
62.27,20.48,74.87,2.93,117.07,34.3,0,37.07
68.34,39.31,71.61,5.68,419.28,23.64,0,37.54
129.98,33.09,56.32,7.77,460.54,15.28,0,51.96
178.32,35.41,42.93,2.25,589.37,79.39,0,47.89
115.29,22.25,78.42,3.19,98.14,89.08,1,66.49
144.17,29.94,65.88,4.75,335.3,38.48,1,56.38
209.52,38.12,69.93,1.02,109.91,36.02,0,49.11
118.98,35.07,66.88,6.0,532.1,64.54,0,54.23
67.31,33.86,76.47,4.54,244.74,56.12,1,58.44
46.99,24.23,60.82,2.92,75.83,67.98,0,44.63
41.15,37.22,47.73,4.14,77.28,60.25,1,52.92
136.2,33.43,51.12,3.25,371.45,16.24,0,39.65
232.82,36.31,64.49,5.29,229.34,75.43,1,81.71
200.62,19.28,73.87,4.47,445.89,83.43,0,65.71
240.54,20.14,80.69,4.49,129.89,56.3,0,67.77
237.4,30.29,70.16,6.1,464.44,60.74,1,77.86
112.5,20.29,84.93,4.62,312.72,67.86,1,67.41
226.6,30.1,97.8,6.84,259.16,65.73,0,75.32
145.15,22.71,83.24,7.45,167.37,94.63,1,86.44
10.05,18.76,52.92,0.62,98.35,88.35,0,28.64
63.25,36.83,36.37,6.66,420.04,34.28,0,35.55
120.49,21.43,51.69,7.17,164.92,32.55,0,49.35
105.95,38.19,81.26,5.93,479.88,25.22,0,47.07
82.09,34.08,71.31,1.09,52.44,77.84,0,46.51
114.23,38.47,42.59,6.28,453.65,84.75,0,54.28
161.73,19.19,68.04,2.89,347.65,38.76,0,41.18
171.67,39.94,96.18,6.15,353.65,17.93,1,64.25
104.64,20.91,40.2,4.79,48.6,45.13,0,46.24
114.28,33.35,83.01,4.11,134.9,44.79,0,50.8
249.3,29.53,50.27,2.5,269.44,70.26,0,53.15
109.26,26.04,47.0,3.08,400.14,77.73,0,48.36
157.89,39.78,62.86,1.59,46.03,82.0,0,53.96
47.44,34.03,40.41,6.05,160.97,64.65,0,50.5
206.83,18.3,78.71,1.33,281.04,12.0,0,46.78
60.85,30.02,82.27,4.62,381.36,97.32,0,47.87
227.45,29.59,51.09,0.95,136.4,71.29,0,47.63
167.14,18.18,59.48,2.53,514.21,68.09,0,39.65
218.18,32.29,49.56,3.36,586.43,18.77,0,43.73
153.31,19.94,47.53,7.75,345.2,72.7,0,59.22
137.06,25.34,59.78,1.68,221.13,40.97,0,37.06
244.78,29.03,86.15,5.19,529.63,88.36,0,73.74
237.79,22.96,56.53,3.45,99.61,74.23,0,62.67
147.5,27.38,54.68,5.04,280.52,21.6,0,48.37
174.17,22.45,43.7,5.66,541.21,90.04,1,72.89
244.19,21.19,93.78,7.38,204.15,59.05,0,73.32
211.49,21.2,36.86,2.89,584.28,94.59,0,50.91
234.1,37.67,93.79,2.55,471.88,19.4,0,44.81
246.63,31.57,73.15,5.09,365.89,30.32,0,59.08
175.15,28.49,66.65,5.04,432.97,42.91,1,62.47
43.0,22.25,37.03,6.23,28.71,33.75,1,50.0
171.12,22.46,47.89,1.83,573.73,48.66,1,50.62
218.03,37.53,61.94,6.32,372.6,82.54,0,66.51
235.39,30.58,68.78,5.31,428.39,13.39,0,55.5
208.48,18.93,97.74,4.39,249.45,74.69,1,76.04
161.36,19.08,53.34,3.49,196.64,82.83,1,60.51
80.66,38.22,78.47,7.28,288.88,66.86,0,59.08
37.16,35.13,94.08,5.72,98.48,46.39,1,52.95
118.88,37.73,91.44,7.12,72.3,38.52,0,63.73
39.65,20.51,63.31,3.22,323.81,43.8,0,31.82
101.35,34.9,92.47,4.74,402.53,23.21,0,40.18
180.89,27.23,54.5,6.26,278.83,65.13,0,66.28
240.5,18.08,83.22,0.59,308.62,53.88,0,53.01
128.43,22.77,76.55,3.9,276.29,62.91,0,47.53
141.36,31.63,70.13,6.69,48.37,23.05,0,52.24
214.92,32.67,87.79,2.74,553.82,14.31,1,62.01
48.72,24.26,76.64,5.75,351.92,59.47,1,58.67
96.45,18.79,83.42,2.92,540.57,82.18,1,57.38
25.58,28.36,42.69,6.95,210.94,46.41,0,45.49
156.89,20.4,80.97,5.22,592.57,52.56,0,50.73
213.47,23.71,71.23,5.17,557.72,64.06,1,69.18
161.65,28.84,46.33,5.07,430.98,96.17,0,52.17
121.57,35.53,81.46,2.05,376.88,46.49,0,38.51
144.5,32.03,35.71,2.01,183.34,79.54,0,43.23
142.0,34.87,42.17,3.0,249.71,60.07,0,49.17
56.56,36.34,93.1,4.09,295.21,13.13,0,37.13
160.53,37.63,68.83,3.01,474.71,46.43,0,48.73
81.84,33.95,54.88,4.52,140.79,70.32,0,42.87
45.83,36.5,56.37,3.31,329.88,24.61,1,36.7
38.04,35.21,54.42,6.93,431.71,33.89,0,40.31
67.03,27.94,94.9,2.12,195.34,19.88,0,38.58
229.2,27.76,36.57,4.12,310.03,26.74,1,64.57
135.67,35.06,44.03,7.04,496.84,92.55,0,54.54
18.77,26.53,89.48,1.37,200.37,13.87,0,23.86
223.4,20.27,83.27,6.09,33.04,76.75,0,72.86
56.21,24.09,55.11,3.81,88.24,23.14,0,32.18
239.99,30.31,41.45,4.57,338.63,33.85,0,56.45
51.11,24.85,91.21,4.55,49.42,12.55,0,37.23
22.91,27.38,46.28,4.97,363.8,83.58,1,51.52
84.99,35.98,79.91,5.53,329.42,95.68,1,66.07
32.3,35.65,79.01,1.23,200.03,66.71,1,43.26
237.39,21.16,91.43,2.44,230.8,26.14,0,58.71
221.78,27.97,36.91,4.07,223.84,50.59,0,53.22
93.67,30.64,67.0,3.54,434.28,19.41,0,38.78
137.86,26.82,61.05,5.16,337.81,95.7,1,62.4
59.98,33.27,62.16,7.85,348.98,40.11,0,44.99
170.71,34.27,79.85,6.78,86.31,62.45,0,68.47
207.29,21.88,95.22,1.02,83.07,81.64,1,66.63
164.8,19.35,48.71,1.54,356.85,76.44,0,47.72
168.61,27.97,53.36,5.12,279.35,28.1,0,48.43
200.64,32.95,92.87,7.53,436.32,90.53,0,74.43
156.76,29.23,88.4,6.89,56.2,89.29,0,66.18
144.41,39.53,41.91,2.62,38.09,47.99,1,57.45
180.83,26.93,62.42,2.08,120.58,22.24,1,59.7
96.47,27.18,53.17,7.05,92.82,11.02,0,45.04
222.37,32.47,96.42,1.52,99.59,80.92,1,76.42
176.89,38.47,74.26,3.91,265.99,82.17,1,67.09
54.59,31.3,71.41,6.85,157.31,54.15,1,66.71
148.32,18.74,37.39,4.12,233.78,61.06,0,44.96
185.51,39.64,96.97,6.34,289.66,16.88,0,56.88
161.36,32.6,77.13,5.63,332.73,61.01,0,63.37
138.41,18.24,63.6,7.3,352.9,39.17,0,61.45
201.57,24.36,37.23,7.42,454.67,73.97,0,58.49
123.56,21.72,38.25,7.93,489.16,64.94,0,54.61
40.44,19.69,84.38,2.39,377.16,34.22,0,25.14
36.77,21.84,72.28,1.63,279.06,81.09,0,38.8
66.69,21.98,68.23,0.75,590.76,95.13,0,36.47
190.66,27.08,59.14,5.46,441.08,24.72,0,46.51
73.45,36.03,38.31,3.98,296.21,51.91,0,36.67
179.35,28.44,44.14,7.03,26.88,91.6,1,79.22
85.77,29.67,95.22,1.23,328.15,41.14,1,46.9
166.5,24.0,52.03,6.52,168.1,61.41,1,74.95
189.78,34.15,72.09,1.96,215.7,70.74,0,50.81
12.54,18.19,39.28,3.58,324.65,70.32,0,29.09
77.99,22.25,36.49,1.19,564.33,67.78,0,33.0
163.14,33.58,42.56,6.92,95.35,67.76,0,68.34
176.96,23.57,64.42,7.52,390.49,91.2,0,71.46
176.13,32.69,83.52,2.43,472.82,34.4,0,43.22
89.84,19.32,95.2,2.48,275.53,53.27,0,43.97
52.83,28.83,44.06,6.27,146.66,66.61,1,60.92
34.79,19.6,70.99,2.38,278.61,88.89,0,40.38
10.21,18.83,59.6,1.64,211.3,44.44,0,26.74
235.58,28.79,62.47,6.83,472.94,79.11,0,63.25
239.0,36.0,65.37,4.75,562.32,41.58,0,55.14
161.75,39.09,40.71,4.51,577.34,17.08,1,53.16
79.59,22.47,69.93,7.76,403.23,36.3,1,65.03
161.35,25.9,40.35,5.25,446.49,22.31,0,39.52
249.13,23.25,59.49,6.45,393.18,53.97,1,82.33
13.94,25.46,56.28,5.91,255.19,28.63,1,52.1
218.85,29.8,81.69,2.25,61.78,74.72,1,73.36
123.09,38.2,37.89,5.76,95.71,25.16,0,53.37
206.98,20.14,73.51,6.77,57.1,81.94,0,74.45
201.8,22.85,85.68,3.7,490.68,96.43,1,68.61
244.2,30.67,43.65,6.77,480.0,77.25,0,65.37
38.98,21.11,61.15,5.72,340.98,48.6,0,36.79
199.85,31.91,58.7,1.68,530.18,17.1,0,34.57
31.39,32.34,90.88,3.62,488.3,77.99,0,35.77
163.56,29.51,60.96,7.54,374.11,13.31,0,57.55
156.89,19.94,87.07,2.76,262.9,59.08,0,46.53
137.25,20.11,57.8,6.21,333.04,29.3,0,47.87
56.49,35.53,78.17,7.76,295.16,25.52,0,43.53
97.41,22.61,50.84,5.13,536.25,49.88,0,44.46
231.97,21.87,84.49,4.14,87.32,88.77,1,82.02
88.23,22.37,77.64,2.94,471.81,38.7,0,33.18
109.02,22.4,91.16,1.05,359.35,14.78,1,38.4
232.69,28.01,59.4,1.52,437.5,65.62,0,46.93
40.53,33.23,38.76,1.52,513.96,50.35,0,26.06
62.76,24.49,44.88,6.46,572.6,89.69,0,41.55
215.67,28.76,97.73,4.94,505.45,34.57,1,70.91
69.2,25.2,71.51,7.19,363.23,23.11,0,45.22
20.61,39.81,81.21,4.28,266.9,44.7,0,37.12
67.72,30.29,35.78,5.99,570.96,21.68,0,31.2
249.75,18.35,77.15,1.71,286.38,60.19,0,62.56
121.3,21.05,79.3,1.89,525.5,65.16,0,44.34
26.97,37.66,55.97,0.75,267.02,33.74,0,26.13
29.43,37.38,81.35,0.91,568.29,69.37,0,22.17
97.74,31.62,58.03,1.81,344.1,15.9,0,25.89
90.38,29.87,75.89,6.03,456.32,86.66,0,56.51
192.61,25.05,91.57,4.28,265.3,14.79,0,51.87
126.69,29.59,42.73,5.82,413.42,56.89,0,48.58
98.36,32.81,78.67,7.84,532.22,26.58,1,55.11
103.76,21.93,95.37,1.08,115.56,19.86,0,37.44
220.0,29.46,74.52,2.7,582.35,57.65,0,50.64
110.83,34.23,36.35,1.92,32.78,80.58,0,43.25
92.27,32.21,55.56,4.95,424.18,84.09,1,57.51
146.14,37.76,54.31,6.42,151.53,42.73,0,60.07
21.36,25.77,63.72,1.75,556.0,72.64,0,23.32
52.09,33.58,92.0,6.46,113.53,20.29,0,49.1
115.81,26.13,47.92,5.8,406.02,96.07,0,52.98
139.57,21.58,54.0,7.4,254.65,53.95,0,64.47
232.67,21.43,96.12,4.6,314.3,66.96,0,66.45
79.56,38.77,96.78,4.8,105.31,59.74,1,60.8
36.96,28.54,37.53,5.59,87.79,12.18,0,35.81
32.2,19.21,75.4,4.88,148.84,92.34,0,45.61
30.06,36.69,77.65,7.68,585.99,44.71,1,51.45
155.22,38.75,92.23,3.21,105.81,85.13,0,58.12
12.93,25.59,54.41,3.84,345.4,28.98,1,41.47
109.75,27.74,45.32,5.96,540.68,74.12,1,54.14
150.92,19.89,48.09,4.06,523.16,96.82,0,56.36
151.76,26.27,35.42,5.29,178.53,25.39,1,61.14
191.26,21.01,46.72,3.36,341.24,13.72,0,47.92
82.94,30.3,64.2,0.7,21.42,33.12,1,39.28
169.82,24.33,46.3,7.3,393.98,12.5,0,52.62
242.95,31.18,57.79,4.1,272.92,32.7,1,73.02
206.39,26.21,81.18,0.63,170.53,61.19,0,49.0
220.8,20.98,45.29,2.55,263.32,90.27,0,51.85
80.0,32.06,39.84,1.95,384.26,77.29,0,35.56
219.39,36.19,78.15,2.76,417.56,70.57,0,56.61
94.39,21.16,43.63,2.61,471.71,46.26,0,28.27
47.09,22.86,46.87,7.23,375.79,83.16,0,48.71
229.85,20.56,43.27,0.63,221.96,70.81,0,53.63
223.53,31.15,83.11,3.07,431.74,12.53,0,45.94
215.64,21.13,49.27,1.44,95.53,16.92,0,40.44
195.93,34.66,37.68,1.31,479.97,55.19,0,40.46
228.05,18.95,54.0,0.58,75.97,20.89,0,46.74
58.01,32.75,36.84,1.59,452.79,34.41,0,21.73
215.23,35.18,73.62,4.29,59.64,82.12,0,68.01
181.79,39.21,45.82,6.16,22.51,73.83,0,70.84
214.31,28.44,78.98,1.89,410.64,19.44,0,51.23
111.78,29.31,60.68,6.21,202.28,51.0,0,53.44
96.7,24.34,80.49,1.12,306.35,43.86,1,46.66
84.88,39.48,62.97,4.65,188.54,85.27,0,55.54
224.74,35.65,94.16,3.26,27.42,69.33,0,65.34
135.44,32.88,42.51,3.46,423.12,96.03,0,43.21
244.05,25.45,72.48,7.93,91.2,83.75,1,89.2
181.24,30.8,52.2,6.42,393.42,45.22,1,68.85
238.03,39.73,67.22,1.61,283.69,20.75,1,58.09
160.81,20.96,41.28,0.9,59.57,69.67,0,43.81
173.01,21.36,74.18,1.22,64.38,76.14,1,65.96
58.46,32.57,65.89,2.46,219.3,85.65,0,46.77
17.58,27.47,92.64,3.38,202.44,43.12,1,41.17
52.45,32.51,84.1,7.14,115.2,47.9,0,56.12
126.99,20.41,77.53,5.45,417.52,60.35,1,63.4
47.51,19.23,51.59,4.93,239.12,69.53,0,41.22
16.76,18.99,87.73,3.12,450.39,12.37,0,25.06
112.76,39.82,60.95,0.92,161.65,30.65,0,35.84
228.49,19.44,54.21,3.03,31.43,38.7,1,68.75
111.39,29.32,61.53,0.65,292.43,11.96,0,27.35
103.67,30.6,85.92,1.25,411.56,39.57,0,30.9
81.89,39.33,47.71,5.27,584.98,16.63,0,31.54
21.41,39.92,60.33,2.19,450.88,18.09,0,22.8
75.61,30.46,68.46,3.7,221.44,16.75,0,37.13
81.98,32.6,54.74,3.61,165.73,55.35,0,47.13
160.68,29.36,46.75,4.24,403.27,82.5,1,59.74
163.1,35.8,88.72,7.3,562.09,73.94,0,63.72
97.43,21.25,44.48,5.64,194.16,48.31,0,52.21
228.67,31.95,88.3,2.5,186.49,24.13,0,53.41
37.25,22.22,50.47,6.7,289.21,59.26,1,54.31
227.36,22.44,52.18,0.72,478.01,34.44,0,42.9
20.14,33.89,84.28,0.91,539.97,37.62,0,26.28
226.14,26.95,57.9,5.43,72.38,93.0,0,68.82
147.03,29.01,42.6,5.48,356.64,78.21,0,54.45
31.66,31.2,83.71,2.85,502.75,74.88,0,40.58
62.32,20.35,48.49,2.56,256.86,85.94,0,39.29
99.93,38.87,54.94,3.68,415.99,94.77,0,44.92
181.76,36.07,36.33,7.75,371.37,84.05,0,67.64
199.31,23.27,69.82,2.82,575.92,41.93,0,46.62
66.73,27.73,35.5,7.71,557.95,90.78,0,45.21
207.45,23.18,48.25,7.18,551.22,65.56,1,75.57
75.77,19.76,84.11,4.19,447.43,91.53,0,50.55
220.42,36.05,86.94,5.74,313.67,40.96,0,63.41
16.56,19.15,75.42,5.23,478.79,21.98,1,38.95
83.33,30.67,41.98,2.37,433.87,77.55,0,40.35
174.58,35.44,55.12,4.09,446.4,32.94,0,50.04
57.68,27.12,46.46,7.07,567.96,87.82,0,42.09
15.51,30.29,73.56,2.22,71.61,50.69,0,36.31
50.5,26.82,62.02,2.45,71.66,42.38,0,30.09
136.2,35.01,93.48,6.7,306.61,29.75,0,53.06
216.86,35.21,53.14,4.21,95.52,85.36,0,70.96
77.91,32.9,61.35,3.56,104.65,35.54,0,37.64
118.23,23.46,71.72,5.35,69.73,51.26,0,60.8
105.41,22.67,59.16,3.67,366.37,16.43,0,31.37
233.46,28.36,57.32,5.05,409.06,80.6,0,58.14
131.09,26.38,96.58,5.53,96.7,88.52,0,66.2
72.47,29.08,93.61,7.08,96.51,37.92,1,61.27
38.04,18.97,43.06,7.04,504.19,75.81,1,51.78
220.46,31.48,82.98,2.48,201.55,88.56,0,65.16
127.91,38.9,70.01,7.42,389.26,48.72,0,52.52
65.17,18.79,51.39,5.79,273.13,97.58,1,56.15
95.56,33.6,65.57,4.2,510.59,86.29,0,44.32
58.9,24.25,87.6,6.12,497.09,59.57,0,47.9
243.19,29.57,70.96,3.62,64.56,77.61,0,72.29
16.23,32.99,77.88,3.46,362.4,93.71,0,35.83
29.46,36.28,76.55,3.91,574.02,62.29,0,32.42
20.52,31.69,63.55,7.61,599.9,89.81,0,43.7
21.68,32.16,55.36,0.92,61.02,93.77,1,40.09
71.24,23.28,83.57,3.49,31.9,28.32,1,55.99
78.38,34.56,76.21,1.4,304.69,48.05,0,39.29
154.84,25.9,41.06,3.26,135.93,49.2,1,57.28
145.13,27.31,82.66,6.58,376.04,48.2,1,62.82
133.2,39.41,77.62,5.36,433.91,91.9,0,55.01
114.97,37.96,65.09,1.61,94.12,89.46,0,47.86
80.92,19.05,39.82,0.84,82.43,47.39,0,31.77
182.87,35.88,57.39,4.89,465.82,11.43,1,52.76
53.73,26.65,40.25,7.08,192.64,61.67,1,62.09
117.99,35.77,56.5,7.39,489.8,28.57,0,52.16
154.97,37.18,41.7,4.51,23.39,20.27,0,50.97
120.44,26.91,76.44,6.08,441.03,36.65,0,52.1
241.15,32.85,85.69,1.16,98.37,26.79,0,55.64
55.17,18.59,65.31,1.59,160.23,84.1,0,33.96
194.73,21.26,61.58,1.37,543.4,75.01,1,61.25
123.16,36.92,71.87,2.01,350.27,83.38,0,43.37
34.64,36.65,62.2,3.62,307.51,60.92,0,31.11
105.92,29.29,80.65,7.51,544.94,86.35,0,61.47
136.79,27.28,54.9,0.98,537.87,46.71,1,38.4
159.45,32.22,63.24,3.77,113.57,73.91,1,64.55
65.7,22.83,92.27,3.04,369.22,84.14,1,49.98
80.41,33.65,95.47,6.75,410.4,74.64,1,69.5
212.69,31.68,52.79,6.12,406.89,21.36,0,51.58
128.12,35.46,94.41,4.2,156.14,59.0,0,53.37
72.59,32.89,46.01,6.95,312.02,81.0,0,51.47
158.22,20.66,49.12,2.43,217.39,41.26,0,47.03
143.69,37.72,88.76,7.05,370.49,19.16,0,60.6
115.08,28.06,88.02,1.33,81.42,63.73,0,49.7
20.07,20.32,74.69,7.03,548.37,23.82,0,40.12
192.87,28.96,89.84,1.66,230.97,82.09,0,60.21
115.39,27.15,83.45,2.34,489.3,40.04,0,33.12
99.38,34.61,57.72,5.49,107.93,76.31,1,68.3
43.12,27.43,92.84,7.24,572.07,55.42,0,52.68
116.22,34.94,80.21,4.38,60.36,39.77,1,67.07
49.44,19.35,82.83,5.45,392.05,89.42,0,55.12
245.21,35.58,90.18,7.79,263.2,87.95,0,84.11
85.29,25.57,87.1,7.25,374.03,22.92,1,59.22
59.23,29.98,84.67,5.39,424.53,88.12,1,63.09
221.43,19.85,68.86,3.42,436.95,87.43,0,56.16
132.8,24.87,56.46,5.27,33.58,88.35,0,57.7
195.8,33.98,97.18,1.33,54.77,42.82,0,48.74
191.57,38.71,63.27,4.79,23.02,39.83,0,63.28
247.36,30.44,91.34,5.21,329.31,62.41,0,66.4
170.06,35.93,71.08,1.55,239.05,74.9,0,47.61
149.77,36.1,57.76,1.23,432.75,82.9,0,37.89
111.97,20.86,48.53,1.09,412.56,45.44,1,46.16
150.23,32.0,97.78,5.67,569.74,74.39,1,71.82
44.64,20.8,79.8,1.47,428.62,85.97,0,37.26
119.3,18.72,44.88,4.69,554.58,20.45,1,42.56
98.7,24.37,67.93,1.38,196.86,42.95,0,36.52
199.89,21.13,72.15,0.86,538.67,88.24,0,44.2
187.52,18.05,69.49,1.01,45.92,52.34,0,50.36
226.07,35.19,64.94,5.9,371.31,77.05,1,80.06
170.13,21.28,80.86,1.17,382.37,64.88,1,52.57
104.9,29.9,95.36,7.18,446.83,66.84,0,60.68
147.28,35.52,79.57,4.71,91.79,59.22,0,63.57
140.04,34.67,95.31,4.41,455.32,54.23,0,46.9
234.68,21.95,36.2,6.4,162.27,72.09,1,73.76
138.05,25.05,72.1,4.19,561.63,39.92,0,42.8
216.32,24.98,51.2,1.36,77.61,24.8,0,43.24
194.39,21.39,94.99,5.59,54.17,94.58,0,68.25
24.04,26.58,55.16,3.6,208.05,43.05,0,28.16
67.51,31.13,49.9,4.31,312.56,93.54,0,40.58
121.56,26.96,65.5,3.56,155.57,87.98,0,53.84
150.68,20.23,83.07,5.39,92.83,60.01,1,66.14
162.59,22.48,95.98,3.3,591.48,78.82,1,67.54
143.24,18.92,86.2,7.71,380.02,67.47,0,58.27
234.04,28.61,72.67,6.8,240.49,40.92,0,69.32
132.48,19.0,81.57,4.72,194.37,44.79,0,56.83
184.02,39.97,90.33,2.08,312.8,80.58,0,56.45
245.11,33.57,52.2,5.47,206.55,28.53,0,55.83
176.04,32.22,35.13,4.07,542.84,69.2,1,58.67
177.16,28.76,59.75,1.11,528.5,67.31,0,46.47
205.85,27.79,42.78,7.79,238.3,62.92,1,74.13
194.31,33.33,35.53,3.97,563.02,49.12,0,49.34
192.02,32.97,79.68,1.94,493.44,65.02,0,45.46
128.51,25.99,52.69,7.28,430.04,28.4,0,56.38
163.22,20.44,52.47,4.25,118.88,27.05,0,44.73
40.78,19.43,51.36,4.77,152.22,56.03,0,37.82
172.71,39.82,78.66,4.5,166.69,59.29,1,62.98
112.51,32.81,75.95,6.9,207.34,84.3,1,69.77
173.24,28.26,57.77,6.19,532.61,29.76,0,56.3
137.78,24.96,59.69,3.01,530.46,81.08,0,51.06
111.72,19.64,50.75,1.73,200.27,65.09,0,34.78
113.67,18.53,85.22,7.51,507.49,31.75,1,59.6
91.79,19.2,56.02,6.46,567.26,78.27,1,62.63
160.08,30.74,40.39,0.96,39.34,37.57,0,44.13
24.88,35.65,38.45,5.08,270.47,18.96,0,32.32
80.78,26.39,41.04,6.14,155.2,62.76,0,49.43
121.41,27.42,74.07,1.26,397.53,69.47,0,39.67
88.77,22.23,41.47,4.96,59.18,79.47,0,56.22
40.24,29.2,57.39,4.11,380.09,26.36,0,35.42
24.52,24.86,62.46,7.7,457.54,37.38,0,38.05
84.08,25.54,58.24,0.56,360.14,69.69,0,29.46
206.6,30.31,38.44,3.08,586.38,66.37,0,50.98
91.97,32.69,78.77,7.86,367.86,39.14,0,55.46
110.49,21.57,63.62,6.42,44.47,29.31,0,55.39
176.37,28.26,48.43,4.11,465.64,81.69,1,59.35
54.22,39.78,57.86,1.05,37.41,20.14,0,27.99
161.52,38.08,57.67,7.81,135.49,35.0,0,67.05
182.52,25.48,69.93,1.84,32.47,84.17,0,50.92
172.59,26.34,84.61,1.33,562.95,36.85,0,38.23
99.36,21.77,68.2,6.49,381.46,48.17,0,45.89
221.85,20.88,46.95,4.49,422.73,37.98,1,68.9
68.69,19.02,73.81,1.92,330.57,79.48,0,35.92
161.07,24.16,42.97,4.31,358.77,53.03,0,52.06
199.84,31.53,45.55,3.41,531.8,76.1,0,51.04
121.42,25.08,58.55,5.71,435.08,53.54,0,50.22
163.15,35.39,75.93,2.05,539.03,49.78,0,41.04
83.44,37.55,71.0,7.52,236.98,58.45,0,59.19
80.81,29.41,49.5,0.81,317.11,39.6,1,37.78
108.15,35.7,54.97,3.37,124.15,30.57,0,40.06
29.78,36.54,67.31,5.33,475.81,91.54,0,39.28
96.46,30.01,56.03,5.56,165.01,75.58,0,49.79
154.97,21.03,88.86,5.87,335.01,32.98,0,53.11
93.19,39.93,94.59,6.66,459.53,11.05,0,51.0
64.62,33.91,48.22,2.25,360.46,58.63,1,45.52
120.74,35.42,54.72,1.91,466.68,71.42,0,38.25
214.71,18.66,43.75,7.05,197.23,74.93,1,83.02
210.23,25.48,61.41,5.64,253.95,78.52,0,64.01
15.58,35.28,93.1,1.65,572.53,39.06,1,40.16
59.01,26.59,68.67,1.91,83.01,60.12,1,50.13
83.11,21.77,77.52,1.83,499.36,63.1,0,31.72
26.68,39.19,52.88,2.25,402.55,16.16,0,20.5
12.65,25.19,92.32,3.43,593.97,21.36,1,36.27
26.5,39.01,89.54,1.47,139.29,48.03,1,39.11
148.02,24.83,47.79,5.88,286.19,27.75,0,49.42
207.9,31.31,50.55,2.97,350.15,53.2,1,61.68
186.95,24.33,90.5,3.92,426.18,72.63,0,56.54
207.62,36.7,61.15,1.85,378.29,48.02,1,62.19
54.03,30.51,59.79,7.59,159.02,86.61,0,61.88
139.06,32.67,39.2,5.95,543.3,89.97,1,69.22
142.68,39.9,39.82,1.29,464.59,38.69,1,38.83
59.77,18.98,36.68,5.29,411.86,50.65,0,41.32
215.39,26.73,35.68,1.36,551.94,38.79,1,49.09
26.38,30.07,50.26,7.63,101.35,82.2,0,49.5
14.34,20.21,53.53,4.51,246.69,16.83,0,32.66
46.84,25.88,48.65,0.76,411.53,29.02,0,24.99
204.76,32.1,80.13,7.23,246.56,37.13,0,67.77
21.68,26.3,47.71,2.37,547.08,27.6,0,19.65
247.43,25.42,47.11,5.52,147.93,87.64,0,73.97
20.56,29.28,86.38,2.92,383.54,64.97,1,50.41
38.99,22.7,57.46,1.8,253.24,37.83,1,34.9
62.82,32.48,52.54,5.18,45.48,87.92,1,59.58
153.73,39.63,41.41,4.52,594.51,84.84,0,46.16
32.74,25.14,74.75,3.41,556.24,77.88,0,33.7
162.48,37.45,55.03,6.89,299.64,39.49,1,65.84
163.74,23.11,72.01,7.91,154.91,64.24,0,66.47
187.1,34.66,74.05,0.95,237.22,36.1,0,42.78
164.09,23.24,80.69,7.91,277.36,87.21,0,68.59
164.46,34.73,67.81,7.83,395.87,35.38,0,56.49
185.89,25.54,47.97,0.91,552.25,96.98,0,46.04
101.56,25.08,62.87,0.55,524.52,16.16,0,18.93
248.08,38.64,42.91,1.8,338.33,79.98,0,51.76
28.76,33.95,54.62,5.91,162.06,25.53,0,37.02
148.34,39.29,47.69,6.97,299.08,93.69,0,61.96
50.26,27.71,66.83,6.01,460.99,82.13,1,51.31
101.54,36.79,82.81,7.41,365.21,23.45,0,48.99
121.28,27.98,58.63,5.05,61.72,22.03,1,55.01
229.87,18.09,89.28,5.98,237.07,45.6,1,83.31
242.92,26.21,65.84,5.31,361.22,45.97,0,68.48
39.87,38.51,45.23,6.22,575.12,77.87,0,41.55
127.27,33.15,78.88,5.38,557.38,74.74,0,52.19
231.15,25.95,79.51,0.71,406.09,23.01,1,59.67
45.37,23.44,71.44,5.47,113.63,20.27,0,43.63
230.05,26.75,71.93,7.26,320.75,26.62,1,71.71
112.45,33.22,66.54,4.5,534.26,61.58,1,58.0
231.84,37.13,41.88,4.79,482.57,81.65,0,63.16
233.2,26.76,54.41,7.9,493.51,10.14,0,63.92
110.28,27.17,53.17,3.73,122.31,26.4,0,38.69
53.68,38.87,63.39,6.61,127.67,15.19,0,48.13
